filename;pagenr
IMG_2021_12_23_11_44_14L.jpg;ONNUTTIG
IMG_2021_12_23_11_44_14R.jpg;ONNUTTIG
IMG_2021_12_23_11_44_41L.jpg;ONNUTTIG
IMG_2021_12_23_11_44_41R.jpg;ONNUTTIG
IMG_2021_12_23_11_44_52L.jpg;ONNUTTIG
IMG_2021_12_23_11_44_52R.jpg;ONNUTTIG
IMG_2021_12_23_11_45_11L.jpg;ONNUTTIG
IMG_2021_12_23_11_45_11R.jpg;ONNUTTIG
IMG_2021_12_23_11_45_35L.jpg;ONNUTTIG
IMG_2021_12_23_11_45_35R.jpg;1
IMG_2021_12_23_11_46_06L.jpg;2
IMG_2021_12_23_11_46_06R.jpg;3
IMG_2021_12_23_11_46_51L.jpg;4
IMG_2021_12_23_11_46_51R.jpg;5
IMG_2021_12_23_11_47_02L.jpg;6
IMG_2021_12_23_11_47_02R.jpg;7
IMG_2021_12_23_11_47_09L.jpg;8
IMG_2021_12_23_11_47_09R.jpg;9
IMG_2021_12_23_11_47_18L.jpg;10
IMG_2021_12_23_11_47_18R.jpg;11
IMG_2021_12_23_11_47_26L.jpg;12
IMG_2021_12_23_11_47_26R.jpg;13
IMG_2021_12_23_11_47_39L.jpg;14
IMG_2021_12_23_11_47_39R.jpg;15
IMG_2021_12_23_11_47_54L.jpg;16
IMG_2021_12_23_11_47_54R.jpg;17
IMG_2021_12_23_11_48_04L.jpg;18
IMG_2021_12_23_11_48_04R.jpg;19
IMG_2021_12_23_11_48_11L.jpg;20
IMG_2021_12_23_11_48_11R.jpg;21
IMG_2021_12_23_11_51_10L.jpg;22
IMG_2021_12_23_11_51_10R.jpg;23
IMG_2021_12_23_11_51_30L.jpg;24
IMG_2021_12_23_11_51_30R.jpg;25
IMG_2021_12_23_11_51_38L.jpg;26
IMG_2021_12_23_11_51_38R.jpg;27
IMG_2021_12_23_11_51_47L.jpg;28
IMG_2021_12_23_11_51_47R.jpg;29
IMG_2021_12_23_11_51_53L.jpg;30
IMG_2021_12_23_11_51_53R.jpg;31
IMG_2021_12_23_11_51_59L.jpg;32
IMG_2021_12_23_11_51_59R.jpg;33
IMG_2021_12_23_11_52_05L.jpg;34
IMG_2021_12_23_11_52_05R.jpg;35
IMG_2021_12_23_11_52_11L.jpg;36
IMG_2021_12_23_11_52_11R.jpg;37
IMG_2021_12_23_11_52_22L.jpg;38
IMG_2021_12_23_11_52_22R.jpg;39
IMG_2021_12_23_11_52_27L.jpg;40
IMG_2021_12_23_11_52_27R.jpg;41
IMG_2021_12_23_11_52_33L.jpg;42
IMG_2021_12_23_11_52_33R.jpg;43
IMG_2021_12_23_11_52_40L.jpg;44
IMG_2021_12_23_11_52_40R.jpg;45
IMG_2021_12_23_11_52_57L.jpg;46
IMG_2021_12_23_11_52_57R.jpg;47
IMG_2021_12_23_11_53_05L.jpg;48
IMG_2021_12_23_11_53_05R.jpg;49
IMG_2021_12_23_11_56_45L.jpg;50
IMG_2021_12_23_11_56_45R.jpg;51
IMG_2021_12_23_11_56_52L.jpg;52
IMG_2021_12_23_11_56_52R.jpg;53
IMG_2021_12_23_11_57_01L.jpg;54
IMG_2021_12_23_11_57_01R.jpg;55
IMG_2021_12_23_11_57_07L.jpg;56
IMG_2021_12_23_11_57_07R.jpg;57
IMG_2021_12_23_11_57_13L.jpg;58
IMG_2021_12_23_11_57_13R.jpg;59
IMG_2021_12_23_11_57_21L.jpg;60
IMG_2021_12_23_11_57_21R.jpg;61
IMG_2021_12_23_11_57_27L.jpg;62
IMG_2021_12_23_11_57_27R.jpg;63
IMG_2021_12_23_11_57_33L.jpg;64
IMG_2021_12_23_11_57_33R.jpg;65
IMG_2021_12_23_11_57_50L.jpg;66
IMG_2021_12_23_11_57_50R.jpg;67
IMG_2021_12_23_11_58_08L.jpg;68
IMG_2021_12_23_11_58_08R.jpg;69
IMG_2021_12_23_11_58_16L.jpg;70
IMG_2021_12_23_11_58_16R.jpg;71
IMG_2021_12_23_11_58_28L.jpg;72
IMG_2021_12_23_11_58_28R.jpg;73
IMG_2021_12_23_11_58_52L.jpg;74
IMG_2021_12_23_11_58_52R.jpg;75
IMG_2021_12_23_11_58_59L.jpg;76
IMG_2021_12_23_11_58_59R.jpg;77
IMG_2021_12_23_11_59_06L.jpg;78
IMG_2021_12_23_11_59_06R.jpg;79
IMG_2021_12_23_11_59_17L.jpg;80
IMG_2021_12_23_11_59_17R.jpg;81
IMG_2021_12_23_11_59_25L.jpg;82
IMG_2021_12_23_11_59_25R.jpg;83
IMG_2021_12_23_11_59_33L.jpg;84
IMG_2021_12_23_11_59_33R.jpg;85
IMG_2021_12_23_11_59_40L.jpg;86
IMG_2021_12_23_11_59_40R.jpg;87
IMG_2021_12_23_11_59_45L.jpg;88
IMG_2021_12_23_11_59_45R.jpg;89
IMG_2021_12_23_12_02_17L.jpg;90
IMG_2021_12_23_12_02_17R.jpg;91
IMG_2021_12_23_12_02_28L.jpg;92
IMG_2021_12_23_12_02_28R.jpg;93
IMG_2021_12_23_12_02_45L.jpg;94
IMG_2021_12_23_12_02_45R.jpg;95
IMG_2021_12_23_12_02_55L.jpg;96
IMG_2021_12_23_12_02_55R.jpg;97
IMG_2021_12_23_12_03_02L.jpg;98
IMG_2021_12_23_12_03_02R.jpg;99
IMG_2021_12_23_12_03_16L.jpg;100
IMG_2021_12_23_12_03_16R.jpg;101
IMG_2021_12_23_12_05_20L.jpg;102
IMG_2021_12_23_12_05_20R.jpg;103
IMG_2021_12_23_12_05_51L.jpg;104
IMG_2021_12_23_12_06_04R.jpg;105
IMG_2021_12_23_12_06_17L.jpg;106
IMG_2021_12_23_12_06_17R.jpg;107
IMG_2021_12_23_12_06_24L.jpg;108
IMG_2021_12_23_12_06_24R.jpg;109
IMG_2021_12_23_12_06_32L.jpg;110
IMG_2021_12_23_12_06_32R.jpg;111
IMG_2021_12_23_12_06_49L.jpg;112
IMG_2021_12_23_12_06_49R.jpg;113
IMG_2021_12_23_12_06_58L.jpg;114
IMG_2021_12_23_12_06_58R.jpg;115
IMG_2021_12_23_12_07_07L.jpg;116
IMG_2021_12_23_12_07_07R.jpg;117
IMG_2021_12_23_12_07_27L.jpg;116
IMG_2021_12_23_12_07_27R.jpg;117
IMG_2021_12_23_12_07_49L.jpg;118
IMG_2021_12_23_12_07_49R.jpg;119
IMG_2021_12_23_12_08_06L.jpg;120
IMG_2021_12_23_12_08_06R.jpg;121
IMG_2021_12_23_12_08_17L.jpg;122
IMG_2021_12_23_12_08_17R.jpg;123
IMG_2021_12_23_12_08_34L.jpg;124
IMG_2021_12_23_12_08_34R.jpg;125
IMG_2021_12_23_12_08_44L.jpg;126
IMG_2021_12_23_12_08_44R.jpg;127
IMG_2021_12_23_12_08_55L.jpg;128
IMG_2021_12_23_12_08_55R.jpg;129
IMG_2021_12_23_12_09_04L.jpg;130
IMG_2021_12_23_12_09_04R.jpg;131
IMG_2021_12_23_12_09_13L.jpg;132
IMG_2021_12_23_12_09_13R.jpg;133
IMG_2021_12_23_12_09_24L.jpg;134
IMG_2021_12_23_12_09_24R.jpg;135
IMG_2021_12_23_12_09_35L.jpg;136
IMG_2021_12_23_12_09_35R.jpg;137
IMG_2021_12_23_12_09_46L.jpg;138
IMG_2021_12_23_12_09_46R.jpg;139
IMG_2021_12_23_12_09_55L.jpg;140
IMG_2021_12_23_12_09_55R.jpg;141
IMG_2021_12_23_12_10_03L.jpg;142
IMG_2021_12_23_12_10_03R.jpg;143
IMG_2021_12_23_12_10_13L.jpg;144
IMG_2021_12_23_12_10_13R.jpg;145
IMG_2021_12_23_12_10_25L.jpg;146
IMG_2021_12_23_12_10_25R.jpg;147
IMG_2021_12_23_12_10_39L.jpg;148
IMG_2021_12_23_12_10_39R.jpg;149
IMG_2021_12_23_12_10_46L.jpg;150
IMG_2021_12_23_12_10_46R.jpg;151
IMG_2021_12_23_12_10_58L.jpg;152
IMG_2021_12_23_12_10_58R.jpg;153
IMG_2021_12_23_12_11_08L.jpg;154
IMG_2021_12_23_12_11_08R.jpg;155
IMG_2021_12_23_12_11_24L.jpg;156
IMG_2021_12_23_12_11_24R.jpg;157
IMG_2021_12_23_12_11_35L.jpg;158
IMG_2021_12_23_12_11_35R.jpg;159
IMG_2021_12_23_12_11_45L.jpg;160
IMG_2021_12_23_12_11_45R.jpg;161
IMG_2021_12_23_12_11_57L.jpg;162
IMG_2021_12_23_12_11_57R.jpg;163
IMG_2021_12_23_12_12_08L.jpg;164
IMG_2021_12_23_12_12_08R.jpg;165
IMG_2021_12_23_12_12_21L.jpg;166
IMG_2021_12_23_12_12_21R.jpg;167
IMG_2021_12_23_12_12_39L.jpg;168
IMG_2021_12_23_12_12_39R.jpg;169
IMG_2021_12_23_12_12_49L.jpg;170
IMG_2021_12_23_12_12_49R.jpg;171
IMG_2021_12_23_12_12_59L.jpg;172
IMG_2021_12_23_12_12_59R.jpg;173
IMG_2021_12_23_12_13_08L.jpg;174
IMG_2021_12_23_12_13_08R.jpg;175
IMG_2021_12_23_13_03_20L.jpg;176
IMG_2021_12_23_13_03_20R.jpg;177
IMG_2021_12_23_13_03_35L.jpg;178
IMG_2021_12_23_13_03_35R.jpg;179
IMG_2021_12_23_13_03_45L.jpg;180
IMG_2021_12_23_13_03_45R.jpg;181
IMG_2021_12_23_13_08_19L.jpg;182
IMG_2021_12_23_13_08_19R.jpg;183
IMG_2021_12_23_13_08_28L.jpg;184
IMG_2021_12_23_13_08_28R.jpg;185
IMG_2021_12_23_13_08_37L.jpg;186
IMG_2021_12_23_13_08_37R.jpg;187
IMG_2021_12_23_13_08_47L.jpg;188
IMG_2021_12_23_13_08_47R.jpg;189
IMG_2021_12_23_13_08_58L.jpg;190
IMG_2021_12_23_13_08_58R.jpg;191
IMG_2021_12_23_13_09_12L.jpg;192
IMG_2021_12_23_13_09_12R.jpg;193
IMG_2021_12_23_13_09_26L.jpg;194
IMG_2021_12_23_13_09_26R.jpg;195
IMG_2021_12_23_13_09_42L.jpg;196
IMG_2021_12_23_13_09_42R.jpg;197
IMG_2021_12_23_13_09_52L.jpg;198
IMG_2021_12_23_13_09_52R.jpg;199
IMG_2021_12_23_13_10_02L.jpg;200
IMG_2021_12_23_13_10_02R.jpg;201
IMG_2021_12_23_13_10_14L.jpg;202
IMG_2021_12_23_13_10_14R.jpg;203
IMG_2021_12_23_13_10_26L.jpg;204
IMG_2021_12_23_13_10_26R.jpg;205
IMG_2021_12_23_13_10_44L.jpg;206
IMG_2021_12_23_13_10_44R.jpg;207
IMG_2021_12_23_13_11_01L.jpg;208
IMG_2021_12_23_13_11_01R.jpg;209
IMG_2021_12_23_13_11_14L.jpg;210
IMG_2021_12_23_13_11_14R.jpg;211
IMG_2021_12_23_13_11_26L.jpg;212
IMG_2021_12_23_13_11_26R.jpg;213
IMG_2021_12_23_13_11_48L.jpg;214
IMG_2021_12_23_13_11_48R.jpg;215
IMG_2021_12_23_13_12_07L.jpg;216
IMG_2021_12_23_13_12_07R.jpg;217
IMG_2021_12_23_13_12_18L.jpg;218
IMG_2021_12_23_13_12_18R.jpg;219
IMG_2021_12_23_13_12_26L.jpg;220
IMG_2021_12_23_13_12_26R.jpg;221
IMG_2021_12_23_13_12_45L.jpg;222
IMG_2021_12_23_13_12_45R.jpg;223
IMG_2021_12_23_13_12_56L.jpg;224
IMG_2021_12_23_13_12_56R.jpg;225
IMG_2021_12_23_13_13_05L.jpg;226
IMG_2021_12_23_13_13_05R.jpg;227
IMG_2021_12_23_13_13_20L.jpg;228
IMG_2021_12_23_13_13_20R.jpg;229
IMG_2021_12_23_13_13_29L.jpg;230
IMG_2021_12_23_13_13_29R.jpg;231
IMG_2021_12_23_13_13_40L.jpg;232
IMG_2021_12_23_13_13_40R.jpg;233
IMG_2021_12_23_13_13_52L.jpg;234
IMG_2021_12_23_13_13_52R.jpg;235
IMG_2021_12_23_13_14_03L.jpg;236
IMG_2021_12_23_13_14_03R.jpg;237
IMG_2021_12_23_13_14_12L.jpg;238
IMG_2021_12_23_13_14_12R.jpg;239
IMG_2021_12_23_13_14_26L.jpg;240
IMG_2021_12_23_13_14_26R.jpg;241
IMG_2021_12_23_13_14_36L.jpg;242
IMG_2021_12_23_13_14_36R.jpg;243
IMG_2021_12_23_13_14_42L.jpg;244
IMG_2021_12_23_13_14_42R.jpg;245
IMG_2021_12_23_13_14_51L.jpg;246
IMG_2021_12_23_13_14_51R.jpg;247
IMG_2021_12_23_13_14_58L.jpg;248
IMG_2021_12_23_13_14_58R.jpg;249
IMG_2021_12_23_13_15_10L.jpg;250
IMG_2021_12_23_13_15_10R.jpg;251
IMG_2021_12_23_13_15_18L.jpg;252
IMG_2021_12_23_13_15_18R.jpg;253
IMG_2021_12_23_13_15_26L.jpg;254
IMG_2021_12_23_13_15_26R.jpg;255
IMG_2021_12_23_13_15_38L.jpg;256
IMG_2021_12_23_13_15_38R.jpg;257
IMG_2021_12_23_13_15_48L.jpg;258
IMG_2021_12_23_13_15_48R.jpg;259
IMG_2021_12_23_13_15_59L.jpg;260
IMG_2021_12_23_13_15_59R.jpg;261
IMG_2021_12_23_13_16_09L.jpg;262
IMG_2021_12_23_13_16_09R.jpg;263
IMG_2021_12_23_13_16_17L.jpg;264
IMG_2021_12_23_13_16_17R.jpg;265
IMG_2021_12_23_13_16_35L.jpg;266
IMG_2021_12_23_13_16_35R.jpg;267
IMG_2021_12_23_13_16_43L.jpg;268
IMG_2021_12_23_13_16_43R.jpg;269
IMG_2021_12_23_13_16_51L.jpg;270
IMG_2021_12_23_13_16_51R.jpg;271
IMG_2021_12_23_13_17_00L.jpg;272
IMG_2021_12_23_13_17_00R.jpg;273
IMG_2021_12_23_13_17_10L.jpg;274
IMG_2021_12_23_13_17_10R.jpg;275
IMG_2021_12_23_13_17_29L.jpg;276
IMG_2021_12_23_13_17_29R.jpg;277
IMG_2021_12_23_13_17_37L.jpg;278
IMG_2021_12_23_13_17_37R.jpg;279
IMG_2021_12_23_13_17_47L.jpg;280
IMG_2021_12_23_13_17_47R.jpg;281
IMG_2021_12_23_13_17_55L.jpg;282
IMG_2021_12_23_13_17_55R.jpg;283
IMG_2021_12_23_13_18_02L.jpg;284
IMG_2021_12_23_13_18_02R.jpg;285
IMG_2021_12_23_13_18_14L.jpg;286
IMG_2021_12_23_13_18_14R.jpg;287
IMG_2021_12_23_13_18_26L.jpg;288
IMG_2021_12_23_13_18_26R.jpg;289
IMG_2021_12_23_13_18_42L.jpg;290
IMG_2021_12_23_13_18_42R.jpg;291
IMG_2021_12_23_13_18_58L.jpg;292
IMG_2021_12_23_13_18_58R.jpg;293
IMG_2021_12_23_13_19_05L.jpg;294
IMG_2021_12_23_13_19_05R.jpg;295
IMG_2021_12_23_13_19_12L.jpg;296
IMG_2021_12_23_13_19_12R.jpg;297
IMG_2021_12_23_13_19_21L.jpg;298
IMG_2021_12_23_13_19_21R.jpg;299
IMG_2021_12_23_13_20_21L.jpg;300
IMG_2021_12_23_13_20_21R.jpg;301
IMG_2021_12_23_13_20_26L.jpg;302
IMG_2021_12_23_13_20_26R.jpg;303
IMG_2021_12_23_13_20_42L.jpg;304
IMG_2021_12_23_13_20_42R.jpg;305
IMG_2021_12_23_13_20_58L.jpg;306
IMG_2021_12_23_13_20_58R.jpg;307
IMG_2021_12_23_13_21_09L.jpg;308
IMG_2021_12_23_13_21_09R.jpg;309
IMG_2021_12_23_13_21_19L.jpg;310
IMG_2021_12_23_13_21_19R.jpg;311
IMG_2021_12_23_13_21_46L.jpg;312
IMG_2021_12_23_13_21_46R.jpg;313
IMG_2021_12_23_13_21_58L.jpg;314
IMG_2021_12_23_13_21_58R.jpg;315
IMG_2021_12_23_13_22_16L.jpg;316
IMG_2021_12_23_13_22_16R.jpg;317
IMG_2021_12_23_13_22_36L.jpg;318
IMG_2021_12_23_13_22_36R.jpg;319
IMG_2021_12_23_13_22_48L.jpg;320
IMG_2021_12_23_13_22_48R.jpg;321
IMG_2021_12_23_13_22_56L.jpg;322
IMG_2021_12_23_13_22_56R.jpg;323
IMG_2021_12_23_13_23_06L.jpg;324
IMG_2021_12_23_13_23_06R.jpg;325
IMG_2021_12_23_13_23_17L.jpg;326
IMG_2021_12_23_13_23_17R.jpg;327
IMG_2021_12_23_13_23_27L.jpg;328
IMG_2021_12_23_13_23_27R.jpg;329
IMG_2021_12_23_13_23_36L.jpg;ONNUTTIG
IMG_2021_12_23_13_23_36R.jpg;ONNUTTIG
IMG_2021_12_23_13_23_45L.jpg;ONNUTTIG
IMG_2021_12_23_13_23_45R.jpg;ONNUTTIG
IMG_2021_12_23_13_23_53L.jpg;ONNUTTIG
IMG_2021_12_23_13_23_53R.jpg;ONNUTTIG
IMG_2021_12_23_13_24_01L.jpg;ONNUTTIG
IMG_2021_12_23_13_24_01R.jpg;ONNUTTIG
IMG_2021_12_23_13_24_09L.jpg;ONNUTTIG
IMG_2021_12_23_13_24_09R.jpg;ONNUTTIG
IMG_2021_12_23_13_24_27L.jpg;ONNUTTIG
IMG_2021_12_23_13_24_27R.jpg;ONNUTTIG
IMG_2021_12_23_13_24_43L.jpg;ONNUTTIG
IMG_2021_12_23_13_24_43R.jpg;ONNUTTIG