Filename;Pagenr
IMG_2022_07_05_12_03_13L.jpg;ONNUTTIG
IMG_2022_07_05_12_03_13R.jpg;ONNUTTIG
IMG_2022_07_05_12_04_27L.jpg;ONNUTTIG
IMG_2022_07_05_12_04_27R.jpg;ONNUTTIG
IMG_2022_07_05_12_05_08L.jpg;ONNUTTIG
IMG_2022_07_05_12_05_08R.jpg;ONNUTTIG
IMG_2022_07_05_12_05_18L.jpg;ONNUTTIG
IMG_2022_07_05_12_05_18R.jpg;ONNUTTIG
IMG_2022_07_05_12_05_28L.jpg;ONNUTTIG
IMG_2022_07_05_12_05_28R.jpg;ONNUTTIG
IMG_2022_07_05_12_05_44L.jpg;ONNUTTIG
IMG_2022_07_05_12_05_44R.jpg;ONNUTTIG
IMG_2022_07_05_12_07_39L.jpg;ONNUTTIG
IMG_2022_07_05_12_07_39R.jpg;221
IMG_2022_07_05_12_07_59L.jpg;222
IMG_2022_07_05_12_07_59R.jpg;223
IMG_2022_07_05_12_08_12L.jpg;224
IMG_2022_07_05_12_08_12R.jpg;225
IMG_2022_07_05_12_08_24L.jpg;226
IMG_2022_07_05_12_08_24R.jpg;227
IMG_2022_07_05_12_08_36L.jpg;228
IMG_2022_07_05_12_08_36R.jpg;229
IMG_2022_07_05_12_08_44L.jpg;230
IMG_2022_07_05_12_08_44R.jpg;231
IMG_2022_07_05_12_08_57L.jpg;232
IMG_2022_07_05_12_08_57R.jpg;233
IMG_2022_07_05_12_09_12L.jpg;234
IMG_2022_07_05_12_09_12R.jpg;235
IMG_2022_07_05_12_09_22L.jpg;236
IMG_2022_07_05_12_09_22R.jpg;237
IMG_2022_07_05_12_10_20L.jpg;238
IMG_2022_07_05_12_10_20R.jpg;239
IMG_2022_07_05_12_10_30L.jpg;240
IMG_2022_07_05_12_10_30R.jpg;241
IMG_2022_07_05_12_10_39L.jpg;242
IMG_2022_07_05_12_10_39R.jpg;243
IMG_2022_07_05_12_10_53L.jpg;244
IMG_2022_07_05_12_10_53R.jpg;245
IMG_2022_07_05_12_11_07L.jpg;246
IMG_2022_07_05_12_11_07R.jpg;247
IMG_2022_07_05_12_11_20L.jpg;248
IMG_2022_07_05_12_11_20R.jpg;249
IMG_2022_07_05_12_11_32L.jpg;250
IMG_2022_07_05_12_11_32R.jpg;251
IMG_2022_07_05_12_11_47L.jpg;252
IMG_2022_07_05_12_11_47R.jpg;253
IMG_2022_07_05_12_11_58L.jpg;254
IMG_2022_07_05_12_11_58R.jpg;255
IMG_2022_07_05_12_12_11L.jpg;256
IMG_2022_07_05_12_12_11R.jpg;257
IMG_2022_07_05_12_12_22L.jpg;258
IMG_2022_07_05_12_12_22R.jpg;259
IMG_2022_07_05_12_12_35L.jpg;260
IMG_2022_07_05_12_12_35R.jpg;261
IMG_2022_07_05_12_12_46L.jpg;262
IMG_2022_07_05_12_12_46R.jpg;263
IMG_2022_07_05_12_12_56L.jpg;264
IMG_2022_07_05_12_12_56R.jpg;265
IMG_2022_07_05_12_13_07L.jpg;266
IMG_2022_07_05_12_13_07R.jpg;267
IMG_2022_07_05_12_13_22L.jpg;268
IMG_2022_07_05_12_13_22R.jpg;269
IMG_2022_07_05_12_14_31L.jpg;270
IMG_2022_07_05_12_14_31R.jpg;271
IMG_2022_07_05_12_14_41L.jpg;272
IMG_2022_07_05_12_14_41R.jpg;273
IMG_2022_07_05_12_14_54L.jpg;274
IMG_2022_07_05_12_14_54R.jpg;275
IMG_2022_07_05_12_15_08L.jpg;276
IMG_2022_07_05_12_15_08R.jpg;277
IMG_2022_07_05_12_15_20L.jpg;278
IMG_2022_07_05_12_15_20R.jpg;279
IMG_2022_07_05_12_15_32L.jpg;280
IMG_2022_07_05_12_15_32R.jpg;281
IMG_2022_07_05_12_15_44L.jpg;282
IMG_2022_07_05_12_15_44R.jpg;283
IMG_2022_07_05_12_15_55L.jpg;284
IMG_2022_07_05_12_15_55R.jpg;285
IMG_2022_07_05_12_16_04L.jpg;286
IMG_2022_07_05_12_16_04R.jpg;287
IMG_2022_07_05_12_16_13L.jpg;288
IMG_2022_07_05_12_16_13R.jpg;289
IMG_2022_07_05_12_16_24L.jpg;290
IMG_2022_07_05_12_16_24R.jpg;291
IMG_2022_07_05_12_16_35L.jpg;292
IMG_2022_07_05_12_16_35R.jpg;293
IMG_2022_07_05_12_16_47L.jpg;294
IMG_2022_07_05_12_16_47R.jpg;295
IMG_2022_07_05_12_16_57L.jpg;296
IMG_2022_07_05_12_16_57R.jpg;297
IMG_2022_07_05_12_17_08L.jpg;298
IMG_2022_07_05_12_17_08R.jpg;299
IMG_2022_07_05_12_17_18L.jpg;300
IMG_2022_07_05_12_17_18R.jpg;301
IMG_2022_07_05_12_17_28L.jpg;302
IMG_2022_07_05_12_17_28R.jpg;303
IMG_2022_07_05_12_17_37L.jpg;304
IMG_2022_07_05_12_17_37R.jpg;305
IMG_2022_07_05_12_17_46L.jpg;306
IMG_2022_07_05_12_17_46R.jpg;307
IMG_2022_07_05_12_17_55L.jpg;308
IMG_2022_07_05_12_17_55R.jpg;309
IMG_2022_07_05_12_18_07L.jpg;310
IMG_2022_07_05_12_18_07R.jpg;311
IMG_2022_07_05_12_18_42L.jpg;312
IMG_2022_07_05_12_18_42R.jpg;313
IMG_2022_07_05_12_18_53L.jpg;314
IMG_2022_07_05_12_18_53R.jpg;315
IMG_2022_07_05_12_19_31L.jpg;316
IMG_2022_07_05_12_19_31R.jpg;317
IMG_2022_07_05_12_19_42L.jpg;318
IMG_2022_07_05_12_19_42R.jpg;319
IMG_2022_07_05_12_19_51L.jpg;320
IMG_2022_07_05_12_19_51R.jpg;321
IMG_2022_07_05_12_20_01L.jpg;322
IMG_2022_07_05_12_20_01R.jpg;323
IMG_2022_07_05_15_04_46L.jpg;324
IMG_2022_07_05_15_04_46R.jpg;325
IMG_2022_07_05_15_05_14L.jpg;326
IMG_2022_07_05_15_05_14R.jpg;327
IMG_2022_07_05_15_05_37L.jpg;328
IMG_2022_07_05_15_05_37R.jpg;329
IMG_2022_07_05_15_05_49L.jpg;330
IMG_2022_07_05_15_05_49R.jpg;331
IMG_2022_07_05_15_07_31L.jpg;332
IMG_2022_07_05_15_07_31R.jpg;333
IMG_2022_07_05_15_07_41L.jpg;334
IMG_2022_07_05_15_07_41R.jpg;335
IMG_2022_07_05_15_07_51L.jpg;336
IMG_2022_07_05_15_07_51R.jpg;337
IMG_2022_07_05_15_08_05L.jpg;338
IMG_2022_07_05_15_08_05R.jpg;339
IMG_2022_07_05_15_09_15L.jpg;340
IMG_2022_07_05_15_09_15R.jpg;341
IMG_2022_07_05_15_09_26L.jpg;342
IMG_2022_07_05_15_09_26R.jpg;343
IMG_2022_07_05_15_09_41L.jpg;344
IMG_2022_07_05_15_09_41R.jpg;345
IMG_2022_07_05_15_09_55L.jpg;346
IMG_2022_07_05_15_09_55R.jpg;347
IMG_2022_07_05_15_10_06L.jpg;348
IMG_2022_07_05_15_10_06R.jpg;349
IMG_2022_07_05_15_10_16L.jpg;350
IMG_2022_07_05_15_10_16R.jpg;351
IMG_2022_07_05_15_10_45L.jpg;352
IMG_2022_07_05_15_10_45R.jpg;353
IMG_2022_07_05_15_10_56L.jpg;354
IMG_2022_07_05_15_10_56R.jpg;355
IMG_2022_07_05_15_11_06L.jpg;356
IMG_2022_07_05_15_11_06R.jpg;357
IMG_2022_07_05_15_11_20L.jpg;358
IMG_2022_07_05_15_11_20R.jpg;359
IMG_2022_07_05_15_11_33L.jpg;360
IMG_2022_07_05_15_11_33R.jpg;361
IMG_2022_07_05_15_11_47L.jpg;362
IMG_2022_07_05_15_11_47R.jpg;363
IMG_2022_07_05_15_13_27L.jpg;364
IMG_2022_07_05_15_13_27R.jpg;365
IMG_2022_07_05_15_13_44L.jpg;366
IMG_2022_07_05_15_13_44R.jpg;367
IMG_2022_07_05_15_13_55L.jpg;368
IMG_2022_07_05_15_13_55R.jpg;369
IMG_2022_07_05_15_14_06L.jpg;370
IMG_2022_07_05_15_14_06R.jpg;371
IMG_2022_07_05_15_14_59L.jpg;372
IMG_2022_07_05_15_14_59R.jpg;373
IMG_2022_07_05_15_15_25L.jpg;374
IMG_2022_07_05_15_15_25R.jpg;375
IMG_2022_07_05_15_15_42L.jpg;376
IMG_2022_07_05_15_15_42R.jpg;377
IMG_2022_07_05_15_16_18L.jpg;378
IMG_2022_07_05_15_16_18R.jpg;379
IMG_2022_07_05_15_16_36L.jpg;380
IMG_2022_07_05_15_16_36R.jpg;381
IMG_2022_07_05_15_16_48L.jpg;382
IMG_2022_07_05_15_16_48R.jpg;383
IMG_2022_07_05_15_17_05L.jpg;384
IMG_2022_07_05_15_17_05R.jpg;385
IMG_2022_07_05_15_17_22L.jpg;386
IMG_2022_07_05_15_17_22R.jpg;387
IMG_2022_07_05_15_20_52L.jpg;388
IMG_2022_07_05_15_20_52R.jpg;389
IMG_2022_07_05_15_21_15L.jpg;390
IMG_2022_07_05_15_21_15R.jpg;391
IMG_2022_07_05_15_21_41L.jpg;392
IMG_2022_07_05_15_21_41R.jpg;393
IMG_2022_07_05_15_22_14L.jpg;394
IMG_2022_07_05_15_22_14R.jpg;395
IMG_2022_07_05_15_22_31L.jpg;396
IMG_2022_07_05_15_22_31R.jpg;397
IMG_2022_07_05_15_23_15L.jpg;398
IMG_2022_07_05_15_23_15R.jpg;399
IMG_2022_07_05_15_23_55L.jpg;400
IMG_2022_07_05_15_23_55R.jpg;401
IMG_2022_07_05_15_24_08L.jpg;402
IMG_2022_07_05_15_24_08R.jpg;403
IMG_2022_07_05_15_24_21L.jpg;404
IMG_2022_07_05_15_24_21R.jpg;405
IMG_2022_07_05_15_24_39L.jpg;406
IMG_2022_07_05_15_24_39R.jpg;407
IMG_2022_07_05_15_24_53L.jpg;408
IMG_2022_07_05_15_24_53R.jpg;409
IMG_2022_07_05_15_25_18L.jpg;410
IMG_2022_07_05_15_25_18R.jpg;411
IMG_2022_07_05_15_25_29L.jpg;412
IMG_2022_07_05_15_25_29R.jpg;413
IMG_2022_07_05_15_27_01L.jpg;414
IMG_2022_07_05_15_27_01R.jpg;415
IMG_2022_07_05_15_27_29L.jpg;416
IMG_2022_07_05_15_27_29R.jpg;417
IMG_2022_07_05_15_27_50L.jpg;418
IMG_2022_07_05_15_27_50R.jpg;419
IMG_2022_07_05_15_28_08L.jpg;420
IMG_2022_07_05_15_28_08R.jpg;421
IMG_2022_07_05_15_28_20L.jpg;422
IMG_2022_07_05_15_28_20R.jpg;423
IMG_2022_07_05_15_28_30L.jpg;424
IMG_2022_07_05_15_28_30R.jpg;425
IMG_2022_07_05_15_28_42L.jpg;426
IMG_2022_07_05_15_28_42R.jpg;427
IMG_2022_07_05_15_28_53L.jpg;428
IMG_2022_07_05_15_28_53R.jpg;429
IMG_2022_07_05_15_29_09L.jpg;430
IMG_2022_07_05_15_29_09R.jpg;431
IMG_2022_07_05_15_29_23L.jpg;432
IMG_2022_07_05_15_29_23R.jpg;433
IMG_2022_07_05_15_29_37L.jpg;434
IMG_2022_07_05_15_29_37R.jpg;435
IMG_2022_07_05_15_30_16L.jpg;436
IMG_2022_07_05_15_30_16R.jpg;437
IMG_2022_07_05_15_30_28L.jpg;438
IMG_2022_07_05_15_30_28R.jpg;439
IMG_2022_07_05_15_30_42L.jpg;440
IMG_2022_07_05_15_30_42R.jpg;441
IMG_2022_07_05_15_30_56L.jpg;442
IMG_2022_07_05_15_30_56R.jpg;443
IMG_2022_07_05_15_31_06L.jpg;444
IMG_2022_07_05_15_31_06R.jpg;445
IMG_2022_07_05_15_31_23L.jpg;446
IMG_2022_07_05_15_31_23R.jpg;447
IMG_2022_07_05_15_32_17L.jpg;448
IMG_2022_07_05_15_32_17R.jpg;449
IMG_2022_07_05_15_32_29L.jpg;450
IMG_2022_07_05_15_32_29R.jpg;451
IMG_2022_07_05_15_32_45L.jpg;452
IMG_2022_07_05_15_32_45R.jpg;453
IMG_2022_07_05_15_33_00L.jpg;454
IMG_2022_07_05_15_33_00R.jpg;455
IMG_2022_07_05_15_33_11L.jpg;456
IMG_2022_07_05_15_33_11R.jpg;457
IMG_2022_07_05_15_33_23L.jpg;458
IMG_2022_07_05_15_33_23R.jpg;459
IMG_2022_07_05_15_33_39L.jpg;460
IMG_2022_07_05_15_33_39R.jpg;461
IMG_2022_07_05_15_33_50L.jpg;462
IMG_2022_07_05_15_33_50R.jpg;463
IMG_2022_07_05_15_33_59L.jpg;464
IMG_2022_07_05_15_33_59R.jpg;465
IMG_2022_07_05_15_34_10L.jpg;466
IMG_2022_07_05_15_34_10R.jpg;467
IMG_2022_07_05_15_35_19L.jpg;468
IMG_2022_07_05_15_35_19R.jpg;469
IMG_2022_07_05_15_35_29L.jpg;470
IMG_2022_07_05_15_35_29R.jpg;471
IMG_2022_07_05_15_35_42L.jpg;472
IMG_2022_07_05_15_35_42R.jpg;473
IMG_2022_07_05_15_36_53L.jpg;474
IMG_2022_07_05_15_36_53R.jpg;475
IMG_2022_07_05_15_37_48L.jpg;476
IMG_2022_07_05_15_37_48R.jpg;477
IMG_2022_07_05_15_38_00L.jpg;478
IMG_2022_07_05_15_38_00R.jpg;479
IMG_2022_07_05_15_38_13L.jpg;480
IMG_2022_07_05_15_38_13R.jpg;481
IMG_2022_07_05_15_38_25L.jpg;482
IMG_2022_07_05_15_38_25R.jpg;483
IMG_2022_07_05_15_38_37L.jpg;484
IMG_2022_07_05_15_38_37R.jpg;485
IMG_2022_07_05_15_38_48L.jpg;486
IMG_2022_07_05_15_38_48R.jpg;487
IMG_2022_07_05_15_39_05L.jpg;488
IMG_2022_07_05_15_39_05R.jpg;489
IMG_2022_07_05_15_39_18L.jpg;490
IMG_2022_07_05_15_39_18R.jpg;491
IMG_2022_07_05_15_39_30L.jpg;492
IMG_2022_07_05_15_39_30R.jpg;493
IMG_2022_07_05_15_39_43L.jpg;494
IMG_2022_07_05_15_39_43R.jpg;495
IMG_2022_07_05_15_39_56L.jpg;496
IMG_2022_07_05_15_39_56R.jpg;497
IMG_2022_07_05_15_40_11L.jpg;498
IMG_2022_07_05_15_40_11R.jpg;499
IMG_2022_07_05_15_40_26L.jpg;500
IMG_2022_07_05_15_40_26R.jpg;501
IMG_2022_07_05_15_40_39L.jpg;502
IMG_2022_07_05_15_40_39R.jpg;503
IMG_2022_07_05_15_40_55L.jpg;504
IMG_2022_07_05_15_40_55R.jpg;505
IMG_2022_07_05_15_41_07L.jpg;506
IMG_2022_07_05_15_41_07R.jpg;507
IMG_2022_07_05_15_41_19L.jpg;508
IMG_2022_07_05_15_41_19R.jpg;509
IMG_2022_07_05_15_41_33L.jpg;510
IMG_2022_07_05_15_41_33R.jpg;511
IMG_2022_07_05_15_42_43L.jpg;512
IMG_2022_07_05_15_42_43R.jpg;513
IMG_2022_07_05_15_42_55L.jpg;514
IMG_2022_07_05_15_42_55R.jpg;515
IMG_2022_07_05_15_43_10L.jpg;516
IMG_2022_07_05_15_43_10R.jpg;517
IMG_2022_07_05_15_43_26L.jpg;518
IMG_2022_07_05_15_43_26R.jpg;519
IMG_2022_07_05_15_43_45L.jpg;520
IMG_2022_07_05_15_43_45R.jpg;521
IMG_2022_07_05_15_43_59L.jpg;522
IMG_2022_07_05_15_43_59R.jpg;523
IMG_2022_07_05_15_44_11L.jpg;524
IMG_2022_07_05_15_44_11R.jpg;525
IMG_2022_07_05_15_44_25L.jpg;526
IMG_2022_07_05_15_44_25R.jpg;527
IMG_2022_07_05_15_44_39L.jpg;528
IMG_2022_07_05_15_44_39R.jpg;529
IMG_2022_07_05_15_45_18L.jpg;530
IMG_2022_07_05_15_45_18R.jpg;531
IMG_2022_07_05_15_46_13L.jpg;532
IMG_2022_07_05_15_46_13R.jpg;533
IMG_2022_07_05_15_46_27L.jpg;534
IMG_2022_07_05_15_46_27R.jpg;535
IMG_2022_07_05_15_46_41L.jpg;536
IMG_2022_07_05_15_46_41R.jpg;537
IMG_2022_07_05_15_46_52L.jpg;538
IMG_2022_07_05_15_46_52R.jpg;539
IMG_2022_07_05_15_47_12L.jpg;540
IMG_2022_07_05_15_47_12R.jpg;541
IMG_2022_07_05_15_47_28L.jpg;542
IMG_2022_07_05_15_47_28R.jpg;543
IMG_2022_07_05_15_47_42L.jpg;544
IMG_2022_07_05_15_47_42R.jpg;545
IMG_2022_07_05_15_49_02L.jpg;546
IMG_2022_07_05_15_49_02R.jpg;547
IMG_2022_07_05_15_49_15L.jpg;548
IMG_2022_07_05_15_49_15R.jpg;549
IMG_2022_07_05_15_49_38L.jpg;550
IMG_2022_07_05_15_49_38R.jpg;551
IMG_2022_07_05_15_49_49L.jpg;552
IMG_2022_07_05_15_49_49R.jpg;553
IMG_2022_07_05_15_50_01L.jpg;554
IMG_2022_07_05_15_50_01R.jpg;555
IMG_2022_07_05_15_50_14L.jpg;556
IMG_2022_07_05_15_50_14R.jpg;557
IMG_2022_07_05_15_50_27L.jpg;558
IMG_2022_07_05_15_50_27R.jpg;559
IMG_2022_07_05_15_50_39L.jpg;560
IMG_2022_07_05_15_50_39R.jpg;561
IMG_2022_07_05_15_50_53L.jpg;562
IMG_2022_07_05_15_50_53R.jpg;563
IMG_2022_07_05_15_51_06L.jpg;564
IMG_2022_07_05_15_51_06R.jpg;565
IMG_2022_07_05_15_51_19L.jpg;ONNUTTIG
IMG_2022_07_05_15_51_19R.jpg;567
IMG_2022_07_05_15_51_32L.jpg;568
IMG_2022_07_05_15_51_32R.jpg;569
IMG_2022_07_05_15_51_44L.jpg;570
IMG_2022_07_05_15_51_44R.jpg;571
IMG_2022_07_05_15_51_57L.jpg;572
IMG_2022_07_05_15_51_57R.jpg;573
IMG_2022_07_05_15_52_10L.jpg;574
IMG_2022_07_05_15_52_10R.jpg;ONNUTTIG